frame,third,enabled,active,body_shadow,proxy_shadow,head_hidden,head_screen_x,head_screen_y,max_pose_position_error,max_pose_rotation_error,serial,attack
0,0,0,0,1,0,1,599.803528,228.328232,0.000000000,0.000000000,0,0
1,0,0,0,1,0,1,599.803528,228.328232,0.000000000,0.000000000,0,0
2,0,0,0,1,0,1,599.803528,228.328232,0.000000000,0.000000000,0,0
3,0,0,0,1,0,1,599.803528,228.328232,0.000000000,0.000000000,0,0
4,0,0,0,1,0,1,599.803528,228.328232,0.000000000,0.000000000,0,0
5,0,0,0,1,0,1,599.803528,228.328232,0.000000000,0.000000000,0,0
6,0,0,0,1,0,1,599.803528,228.328232,0.000000000,0.000000000,0,0
7,0,0,0,1,0,1,599.803528,228.328232,0.000000000,0.000000000,0,0
8,0,0,0,1,0,1,599.803528,228.328232,0.000000000,0.000000000,0,0
9,0,0,0,1,0,1,599.803528,228.328232,0.000000000,0.000000000,0,0
10,0,0,0,1,0,1,599.803528,228.328232,0.000000000,0.000000000,0,0
11,0,0,0,1,0,1,599.803528,228.328232,0.000000000,0.000000000,0,0
12,0,0,0,1,0,1,599.803528,228.328232,0.000000000,0.000000000,0,0
13,0,0,0,1,0,1,599.803528,228.328232,0.000000000,0.000000000,0,0
14,0,0,0,1,0,1,599.803528,228.328232,0.000000000,0.000000000,0,0
15,0,0,0,1,0,1,599.803528,228.328232,0.000000000,0.000000000,0,0
16,0,0,0,1,0,1,599.803528,228.328232,0.000000000,0.000000000,0,0
17,0,0,0,1,0,1,599.803528,228.328232,0.000000000,0.000000000,0,0
18,0,0,0,1,0,1,599.803528,228.328232,0.000000000,0.000000000,0,0
19,0,0,0,1,0,1,599.803528,228.328232,0.000000000,0.000000000,0,0
20,0,0,0,1,0,1,599.803528,228.328232,0.000000000,0.000000000,0,0
21,0,0,0,1,0,1,599.803528,228.328232,0.000000000,0.000000000,0,0
22,0,0,0,1,0,1,599.803528,228.328232,0.000000000,0.000000000,0,0
23,0,0,0,1,0,1,599.803528,228.328232,0.000000000,0.000000000,0,0
24,0,0,0,1,0,1,599.803528,228.328232,0.000000000,0.000000000,0,0
25,0,0,0,1,0,1,599.803528,228.328232,0.000000000,0.000000000,0,0
26,0,0,0,1,0,1,599.803528,228.328232,0.000000000,0.000000000,0,0
27,0,0,0,1,0,1,599.803528,228.328232,0.000000000,0.000000000,0,0
28,0,0,0,1,0,1,599.803528,228.328232,0.000000000,0.000000000,0,0
29,0,0,0,1,0,1,599.803528,228.328232,0.000000000,0.000000000,0,0
30,0,0,0,1,0,1,599.803528,228.328232,0.000000000,0.000000000,0,0
31,0,1,1,0,1,1,599.803528,228.328232,0.000000000,0.000000000,0,0
32,0,1,1,0,1,1,599.803528,228.328232,0.000000000,0.000000000,0,0
33,0,1,1,0,1,1,599.803528,228.328232,0.000000000,0.000000000,0,0
34,0,1,1,0,1,1,599.803528,228.328232,0.000000000,0.000000000,0,0
35,0,1,1,0,1,1,599.803528,228.328232,0.000000000,0.000000000,0,0
36,0,1,1,0,1,1,599.803528,228.328232,0.000000000,0.000000000,0,0
37,0,1,1,0,1,1,599.803528,228.328232,0.000000000,0.000000000,0,0
38,0,1,1,0,1,1,599.803528,228.328232,0.000000000,0.000000000,0,0
39,0,1,1,0,1,1,599.803528,228.328232,0.000000000,0.000000000,0,0
40,0,1,1,0,1,1,599.803528,228.328232,0.000000000,0.000000000,0,0
41,0,1,1,0,1,1,599.803528,228.328232,0.000000000,0.000000000,0,0
42,0,1,1,0,1,1,599.803528,228.328232,0.000000000,0.000000000,0,0
43,0,1,1,0,1,1,599.803528,228.328232,0.000000000,0.000000000,0,0
44,0,1,1,0,1,1,599.803528,228.328232,0.000000000,0.000000000,0,0
45,0,1,1,0,1,1,599.803528,228.328232,0.000000000,0.000000000,0,0
46,0,1,1,0,1,1,599.803528,228.328232,0.000000000,0.000000000,0,0
47,0,1,1,0,1,1,599.803528,228.328232,0.000000000,0.000000000,0,0
48,0,1,1,0,1,1,599.803528,228.328232,0.000000000,0.000000000,0,0
49,0,1,1,0,1,1,599.803528,228.328232,0.000000000,0.000000000,0,0
50,0,1,1,0,1,1,599.803528,228.328232,0.000000000,0.000000000,0,0
51,0,1,1,0,1,1,599.803528,228.328232,0.000000000,0.000000000,0,0
52,0,1,1,0,1,1,599.803528,228.328232,0.000000000,0.000000000,0,0
53,0,1,1,0,1,1,599.803528,228.328232,0.000000000,0.000000000,0,0
54,0,1,1,0,1,1,599.803528,228.328232,0.000000000,0.000000000,0,0
55,0,1,1,0,1,1,599.803528,228.328232,0.000000000,0.000000000,0,0
56,0,1,1,0,1,1,599.803528,228.328232,0.000000000,0.000000000,0,0
57,0,1,1,0,1,1,599.803528,228.328232,0.000000000,0.000000000,0,0
58,0,1,1,0,1,1,599.803528,228.328232,0.000000000,0.000000000,0,0
59,0,1,1,0,1,1,599.803528,228.328232,0.000000000,0.000000000,0,0
60,0,1,1,0,1,1,599.803528,228.328232,0.000000000,0.000000000,0,0
61,1,1,0,1,0,0,642.741089,313.055969,0.000000000,0.000000000,0,0
62,1,1,0,1,0,0,642.741089,313.055969,0.000000000,0.000000000,0,0
63,1,1,0,1,0,0,642.741089,313.055969,0.000000000,0.000000000,0,0
64,1,1,0,1,0,0,642.741089,313.055969,0.000000000,0.000000000,0,0
65,1,1,0,1,0,0,642.741089,313.055969,0.000000000,0.000000000,0,0
66,1,1,0,1,0,0,642.741089,313.055969,0.000000000,0.000000000,0,0
67,1,1,0,1,0,0,642.741089,313.055969,0.000000000,0.000000000,0,0
68,1,1,0,1,0,0,642.741089,313.055969,0.000000000,0.000000000,0,0
69,1,1,0,1,0,0,642.741089,313.055969,0.000000000,0.000000000,0,0
70,1,1,0,1,0,0,642.741089,313.055969,0.000000000,0.000000000,0,0
71,1,1,0,1,0,0,642.741089,313.055969,0.000000000,0.000000000,0,0
72,1,1,0,1,0,0,642.741089,313.055969,0.000000000,0.000000000,0,0
73,1,1,0,1,0,0,642.741089,313.055969,0.000000000,0.000000000,0,0
74,1,1,0,1,0,0,642.741089,313.055969,0.000000000,0.000000000,0,0
75,1,1,0,1,0,0,642.741089,313.055969,0.000000000,0.000000000,0,0
76,1,1,0,1,0,0,642.741089,313.055969,0.000000000,0.000000000,0,0
77,1,1,0,1,0,0,642.741089,313.055969,0.000000000,0.000000000,0,0
78,1,1,0,1,0,0,642.741089,313.055969,0.000000000,0.000000000,0,0
79,1,1,0,1,0,0,642.741089,313.055969,0.000000000,0.000000000,0,0
80,1,1,0,1,0,0,642.741089,313.055969,0.000000000,0.000000000,0,0
81,0,1,1,0,1,1,599.803528,228.328232,0.000000000,0.000000000,0,0
82,0,1,1,0,1,1,599.803528,228.328232,0.000000000,0.000000000,0,0
83,0,1,1,0,1,1,599.803528,228.328232,0.000000000,0.000000000,0,0
84,0,1,1,0,1,1,599.803528,228.328232,0.000000000,0.000000000,0,0
85,0,1,1,0,1,1,599.803528,228.328232,0.000000000,0.000000000,0,0
86,0,1,1,0,1,1,599.803528,228.328232,0.000000000,0.000000000,0,0
87,0,1,1,0,1,1,599.803528,228.328232,0.000000000,0.000000000,0,0
88,0,1,1,0,1,1,599.803528,228.328232,0.000000000,0.000000000,0,0
89,0,1,1,0,1,1,599.803528,228.328232,0.000000000,0.000000000,0,0
90,0,1,1,0,1,1,599.803528,228.328232,0.000000000,0.000000000,0,0
91,0,1,1,0,1,1,599.803528,228.328232,0.000000000,0.000000000,0,0
92,0,1,1,0,1,1,599.803528,228.328232,0.000000000,0.000000000,0,0
93,0,1,1,0,1,1,599.803528,228.328232,0.000000000,0.000000000,0,0
94,0,1,1,0,1,1,599.803528,228.328232,0.000000000,0.000000000,0,0
95,0,1,1,0,1,1,599.803528,228.328232,0.000000000,0.000000000,0,0
96,0,1,1,0,1,1,599.803528,228.328232,0.000000000,0.000000000,0,0
97,0,1,1,0,1,1,599.803528,228.328232,0.000000000,0.000000000,0,0
98,0,1,1,0,1,1,599.803528,228.328232,0.000000000,0.000000000,0,0
99,0,1,1,0,1,1,599.803528,228.328232,0.000000000,0.000000000,0,0
100,0,1,1,0,1,1,599.803528,228.328232,0.000000000,0.000000000,0,0
101,0,0,0,1,0,1,599.803528,228.328232,0.000000000,0.000000000,0,0
102,0,0,0,1,0,1,599.803528,228.328232,0.000000000,0.000000000,0,0
103,0,0,0,1,0,1,599.803528,228.328232,0.000000000,0.000000000,0,0
104,0,0,0,1,0,1,599.803528,228.328232,0.000000000,0.000000000,0,0
105,0,0,0,1,0,1,599.803528,228.328232,0.000000000,0.000000000,0,0
106,0,0,0,1,0,1,599.803528,228.328232,0.000000000,0.000000000,0,0
107,0,0,0,1,0,1,599.803528,228.328232,0.000000000,0.000000000,0,0
108,0,0,0,1,0,1,599.803528,228.328232,0.000000000,0.000000000,0,0
109,0,0,0,1,0,1,599.803528,228.328232,0.000000000,0.000000000,0,0
110,0,0,0,1,0,1,599.803528,228.328232,0.000000000,0.000000000,0,0
111,0,1,1,0,1,1,599.803528,228.328232,0.000000000,0.000000000,0,0
112,0,1,1,0,1,1,599.803528,228.328232,0.000000000,0.000000000,0,0
113,0,1,1,0,1,1,599.803528,228.328232,0.000000000,0.000000000,0,0
114,0,1,1,0,1,1,599.803528,228.328232,0.000000000,0.000000000,0,0
115,0,1,1,0,1,1,599.803528,228.328232,0.000000000,0.000000000,0,0
116,0,1,1,0,1,1,599.803528,228.328232,0.000000000,0.000000000,0,0
117,0,1,1,0,1,1,599.803528,228.328232,0.000000000,0.000000000,0,0
118,0,1,1,0,1,1,599.803528,228.328232,0.000000000,0.000000000,0,0
119,0,1,1,0,1,1,599.803528,228.328232,0.000000000,0.000000000,0,0
120,0,1,1,0,1,1,599.803528,228.328232,0.000000000,0.000000000,0,0
121,0,1,1,0,1,1,599.335205,228.495148,0.000000000,0.000000000,0,0
122,0,1,1,0,1,1,598.314392,228.466080,0.000000000,0.000000000,0,0
123,0,1,1,0,1,1,597.377563,228.554016,0.000000000,0.000000000,0,0
124,0,1,1,0,1,1,596.251953,228.816498,0.000000000,0.000000000,0,0
125,0,1,1,0,1,1,594.980164,229.101746,0.000000000,0.000000000,0,0
126,0,1,1,0,1,1,594.509216,229.713226,0.000000000,0.000000000,0,0
127,0,1,1,0,1,1,593.931396,230.323715,0.000000000,0.000001708,0,0
128,0,1,1,0,1,1,594.024536,231.004669,0.000000000,0.000001708,0,0
129,0,1,1,0,1,1,593.874023,231.529251,0.000000000,0.000001708,0,0
130,0,1,1,0,1,1,593.795593,231.966125,0.000000000,0.000001708,0,0
131,0,1,1,0,1,1,593.679749,232.228836,0.000000000,0.000001708,0,0
132,0,1,1,0,1,1,593.200195,232.249908,0.000000000,0.000001708,0,0
133,0,1,1,0,1,1,593.144104,232.500504,0.000000000,0.000001708,0,0
134,0,1,1,0,1,1,593.608154,232.819351,0.000000000,0.000002415,0,0
135,0,1,1,0,1,1,593.823608,233.068253,0.000000000,0.000002415,0,0
136,0,1,1,0,1,1,591.181274,213.935654,0.000000000,0.000002415,1,1
137,0,1,1,0,1,1,586.002258,155.062363,0.000000000,0.000002415,1,1
138,0,1,1,0,1,1,570.254700,70.059174,0.000000000,0.000002415,1,1
139,0,1,1,0,1,1,523.900818,0.756251,0.000000000,0.000002415,1,1
140,0,1,1,0,1,1,454.606781,-53.363396,0.000000000,0.000002415,1,1
141,0,1,1,0,1,1,373.855560,-114.065796,0.000000000,0.000002415,1,1
142,0,1,1,0,1,1,292.058197,-272.368469,0.000000000,0.000002415,1,1
143,0,1,1,0,1,1,287.647766,-420.759979,0.000000000,0.000002415,1,1
144,0,1,1,0,1,1,293.657074,-354.908081,0.000000000,0.000002415,1,1
145,0,1,1,0,1,1,334.193146,-303.952332,0.000000000,0.000002415,1,1
146,0,1,1,0,1,1,384.669952,-300.028259,0.000000000,0.000002415,1,1
147,0,1,1,0,1,1,405.868164,-326.953674,0.000000000,0.000002415,2,4
148,0,1,1,0,1,1,401.014893,-271.989655,0.000000000,0.000002415,2,4
149,0,1,1,0,1,1,411.451996,-273.728821,0.000000000,0.000002415,2,4
150,0,1,1,0,1,1,489.599670,-277.030579,0.000000000,0.000002415,2,4
151,0,1,1,0,1,1,560.006042,-132.380295,0.000000000,0.000002415,2,4
152,0,1,1,0,1,1,647.160278,8.210274,0.000000000,0.000002415,2,4
153,0,1,1,0,1,1,743.168579,76.944870,0.000000000,0.000002415,2,4
154,0,1,1,0,1,1,869.205383,22.527525,0.000000000,0.000002415,2,4
155,0,1,1,0,1,1,883.869141,-105.671898,0.000000000,0.000002415,2,4
156,0,1,1,0,1,1,850.125793,-71.579521,0.000000000,0.000002415,2,4
157,0,1,1,0,1,1,775.350891,-73.616837,0.000000000,0.000002415,2,4
158,0,1,1,0,1,1,706.056274,-129.368759,0.000000000,0.000002415,2,4
159,0,1,1,0,1,1,691.622559,-175.567215,0.000000000,0.000002415,2,4
160,0,1,1,0,1,1,673.564758,-116.465965,0.000000000,0.000002415,2,4
161,0,1,1,0,1,1,644.261780,-40.918781,0.000000000,0.000002415,2,4
162,0,1,1,0,1,1,573.078125,8.469278,0.000000000,0.000002415,2,4
163,0,1,1,0,1,1,565.433044,97.154556,0.000000000,0.000002415,2,4
164,0,1,1,0,1,1,581.575134,170.958878,0.000000000,0.000002415,2,4
165,0,1,1,0,1,1,593.865479,229.732422,0.000000000,0.000002415,2,4
166,0,1,1,0,1,1,600.280884,257.504883,0.000000000,0.000002415,2,4
167,0,1,1,0,1,1,600.798340,259.643555,0.000000000,0.000002415,2,0
168,0,1,1,0,1,1,600.686768,261.058838,0.000000000,0.000002415,2,0
169,0,1,1,0,1,1,600.422729,261.917877,0.000000000,0.000002415,2,0
170,0,1,1,0,1,1,599.867493,263.169067,0.000000000,0.000002415,2,0
171,0,1,1,0,1,1,599.074463,264.026733,0.000000000,0.000002415,2,0
172,0,1,1,0,1,1,598.858582,264.635101,0.000000000,0.000002415,2,0
173,0,1,1,0,1,1,598.727966,265.438049,0.000000000,0.000002415,2,0
174,0,1,1,0,1,1,598.642212,265.857178,0.000000000,0.000002415,2,0
175,0,1,1,0,1,1,598.527893,266.239746,0.000000000,0.000002415,2,0
176,0,1,1,0,1,1,598.733398,267.402069,0.000000000,0.000002415,2,0
177,0,1,1,0,1,1,598.852905,268.254181,0.000000000,0.000002415,2,0
178,0,1,1,0,1,1,598.691528,269.436737,0.000000000,0.000002415,2,0
179,0,1,1,0,1,1,598.920837,271.437958,0.000000000,0.000002415,2,0
180,0,1,1,0,1,1,599.020447,272.541229,0.000000000,0.000002415,2,0
181,0,1,1,0,1,1,599.080688,274.285004,0.000000000,0.000002415,2,0
182,0,1,1,0,1,1,599.262634,275.363861,0.000000000,0.000002415,2,0
183,0,1,1,0,1,1,599.374268,276.054504,0.000000000,0.000002415,2,0
184,0,1,1,0,1,1,599.418823,276.728546,0.000000000,0.000002415,2,0
185,0,1,1,0,1,1,599.661377,277.275452,0.000000000,0.000002415,2,0
186,0,1,1,0,1,1,599.946777,277.536285,0.000000000,0.000002415,2,0
187,0,1,1,0,1,1,600.351501,278.428284,0.000000000,0.000002415,2,0
188,0,1,1,0,1,1,600.588440,279.181061,0.000000000,0.000002415,2,0
189,0,1,1,0,1,1,601.073975,280.300079,0.000000000,0.000002415,2,0
190,0,1,1,0,1,1,601.786316,281.477539,0.000000000,0.000002415,2,0
191,0,1,1,0,1,1,602.351318,282.088562,0.000000000,0.000002415,2,0
192,0,1,1,0,1,1,603.453552,282.848480,0.000000000,0.000002415,2,0
193,0,1,1,0,1,1,604.278015,283.152496,0.000000000,0.000002415,2,0
194,0,1,1,0,1,1,605.068298,283.491699,0.000000000,0.000002415,2,0
195,0,1,1,0,1,1,605.797607,283.480255,0.000000000,0.000002415,2,0
196,0,1,1,0,1,1,606.398987,283.280518,0.000000000,0.000002415,2,0
197,0,1,1,0,1,1,606.891785,282.904022,0.000000000,0.000002415,2,0
198,0,1,1,0,1,1,607.162598,282.531189,0.000000000,0.000002415,2,0
199,0,1,1,0,1,1,607.266357,282.422577,0.000000000,0.000002415,2,0
200,0,1,1,0,1,1,607.099731,282.072052,0.000000000,0.000002415,2,0
201,0,1,1,0,1,1,606.885498,281.128693,0.000000000,0.000002415,2,0
202,0,1,1,0,1,1,607.123535,279.657318,0.000000000,0.000002415,2,0
203,0,1,1,0,1,1,607.747620,277.488220,0.000000000,0.000002415,2,0
204,0,1,1,0,1,1,609.155212,273.767914,0.000000000,0.000002415,2,0
205,0,1,1,0,1,1,610.164673,268.767059,0.000000000,0.000002415,2,0
206,0,1,1,0,1,1,611.260620,264.139496,0.000000000,0.000002415,2,0
207,0,1,1,0,1,1,611.927612,259.934967,0.000000000,0.000002415,2,0
208,0,1,1,0,1,1,612.752075,256.162262,0.000000000,0.000002415,2,0
209,0,1,1,0,1,1,613.058838,253.008072,0.000000000,0.000002415,2,0
210,0,1,1,0,1,1,613.400940,250.593719,0.000000000,0.000002415,2,0
211,0,1,1,0,1,1,613.361694,248.231766,0.000000000,0.000002415,2,0
212,0,1,1,0,1,1,613.789001,245.912643,0.000000000,0.000002415,2,0
213,0,1,1,0,1,1,614.849304,243.669556,0.000000000,0.000002415,2,0
214,0,1,1,0,1,1,616.042053,241.535736,0.000000000,0.000002415,2,0
215,0,1,1,0,1,1,616.650330,239.438217,0.000000000,0.000002415,2,0
216,0,1,1,0,1,1,617.137878,238.107849,0.000000000,0.000002415,2,0
217,0,1,1,0,1,1,617.088257,237.051193,0.000000000,0.000002415,2,0
218,0,1,1,0,1,1,616.746887,235.612473,0.000000000,0.000002415,2,0
219,0,1,1,0,1,1,617.006592,234.172791,0.000000000,0.000002415,2,0
220,0,1,1,0,1,1,616.936584,232.415878,0.000000000,0.000002415,2,0
221,0,1,1,0,1,1,616.821777,230.770660,0.000000000,0.000002415,2,5
222,0,1,1,0,1,1,616.743652,229.574127,0.000000000,0.000002415,2,5
223,0,1,1,0,1,1,616.768677,229.149338,0.000000000,0.000002415,2,5
224,0,1,1,0,1,1,643.698669,216.737366,0.000000000,0.000002415,3,2
225,0,1,1,0,1,1,725.188110,177.955582,0.000000000,0.000002415,3,2
226,0,1,1,0,1,1,869.567566,114.127533,0.000000000,0.000002415,3,2
227,0,1,1,0,1,1,1078.504395,64.990662,0.000000000,0.000002415,3,2
228,0,1,1,0,1,1,1286.383545,114.856667,0.000000000,0.000002415,3,2
229,0,1,1,0,1,1,1374.590942,267.340118,0.000000000,0.000002415,3,2
230,0,1,1,0,1,1,1364.632080,396.066193,0.000000000,0.000002415,3,2
231,0,1,1,0,1,1,1365.383545,394.566040,0.000000000,0.000002415,3,2
232,0,1,1,0,1,1,1372.300781,266.250885,0.000000000,0.000002415,3,2
233,0,1,1,0,1,1,1273.201294,60.549534,0.000000000,0.000002415,3,2
234,0,1,1,0,1,1,1057.097900,-64.014053,0.000000000,0.000002415,3,2
235,0,1,1,0,1,1,837.051880,-66.329155,0.000000000,0.000002415,3,2
236,0,1,1,0,1,1,661.546021,16.341232,0.000000000,0.000002415,3,2
237,0,1,1,0,1,1,571.066772,114.183029,0.000000000,0.000002415,3,2
238,0,1,1,0,1,1,560.672119,154.196686,0.000000000,0.000002415,3,2
239,0,1,1,0,1,1,590.618347,157.294388,0.000000000,0.000002415,3,2
240,0,1,1,0,1,1,639.301270,153.150436,0.000000000,0.000002415,3,2
241,0,1,1,0,1,1,697.070190,151.214462,0.000000000,0.000002415,3,2
242,0,1,1,0,1,1,751.994873,156.303268,0.000000000,0.000002415,3,2
243,0,1,1,0,1,1,790.407654,167.493088,0.000000000,0.000002415,3,2
244,0,1,1,0,1,1,798.463989,179.934021,0.000000000,0.000002415,3,2
245,0,1,1,0,1,1,782.696472,189.417557,0.000000000,0.000002415,3,2
246,0,1,1,0,1,1,758.690918,196.762299,0.000000000,0.000002415,3,2
247,0,1,1,0,1,1,731.197449,202.921539,0.000000000,0.000002415,3,2
248,0,1,1,0,1,1,701.903381,211.477722,0.000000000,0.000002415,3,2
249,0,1,1,0,1,1,669.057922,224.311340,0.000000000,0.000002415,3,2
250,0,1,1,0,1,1,635.109619,239.764618,0.000000000,0.000002415,3,2
251,0,1,1,0,1,1,608.956848,253.636673,0.000000000,0.000002415,3,2
252,0,1,1,0,1,1,600.538696,258.643616,0.000000000,0.000002415,3,0
253,0,1,1,0,1,1,600.798340,259.643555,0.000000000,0.000002415,3,0
254,0,1,1,0,1,1,600.686768,261.058838,0.000000000,0.000002415,3,0
255,0,1,1,0,1,1,600.422729,261.917877,0.000000000,0.000002415,3,0
256,0,1,1,0,1,1,599.867493,263.169067,0.000000000,0.000002415,3,0
257,0,1,1,0,1,1,599.074463,264.026733,0.000000000,0.000002415,3,0
258,0,1,1,0,1,1,598.858582,264.635101,0.000000000,0.000002415,3,0
259,0,1,1,0,1,1,598.727966,265.438049,0.000000000,0.000002415,3,0
260,0,1,1,0,1,1,598.642212,265.857178,0.000000000,0.000002415,3,0
261,0,1,1,0,1,1,598.527893,266.239746,0.000000000,0.000002415,3,0
262,0,1,1,0,1,1,598.733398,267.402069,0.000000000,0.000002415,3,0
263,0,1,1,0,1,1,598.852905,268.254181,0.000000000,0.000002415,3,0
264,0,1,1,0,1,1,598.691528,269.436737,0.000000000,0.000002415,3,0
265,0,1,1,0,1,1,598.920837,271.437958,0.000000000,0.000002415,3,0
266,0,1,1,0,1,1,599.020447,272.541229,0.000000000,0.000002415,3,0
267,0,1,1,0,1,1,599.080688,274.285004,0.000000000,0.000002415,3,0
268,0,1,1,0,1,1,599.262634,275.363861,0.000000000,0.000002415,3,0
269,0,1,1,0,1,1,599.374268,276.054504,0.000000000,0.000002415,3,0
270,0,1,1,0,1,1,599.418823,276.728546,0.000000000,0.000002415,3,0
271,0,1,1,0,1,1,599.661377,277.275452,0.000000000,0.000002415,3,0
272,0,1,1,0,1,1,599.946777,277.536285,0.000000000,0.000002415,3,0
273,0,1,1,0,1,1,600.351501,278.428284,0.000000000,0.000002415,3,0
274,0,1,1,0,1,1,600.588440,279.181061,0.000000000,0.000002415,3,0
275,0,1,1,0,1,1,601.073975,280.300079,0.000000000,0.000002415,3,0
276,0,1,1,0,1,1,601.786316,281.477539,0.000000000,0.000002415,3,0
277,0,1,1,0,1,1,602.351318,282.088562,0.000000000,0.000002415,3,0
278,0,1,1,0,1,1,603.453552,282.848480,0.000000000,0.000002415,3,0
279,0,1,1,0,1,1,604.278015,283.152496,0.000000000,0.000002415,3,0
280,0,1,1,0,1,1,605.068298,283.491699,0.000000000,0.000002415,3,0
281,0,1,1,0,1,1,605.797607,283.480255,0.000000000,0.000002415,3,0
282,0,1,1,0,1,1,606.398987,283.280518,0.000000000,0.000002415,3,0
283,0,1,1,0,1,1,606.891785,282.904022,0.000000000,0.000002415,3,0
284,0,1,1,0,1,1,607.162598,282.531189,0.000000000,0.000002415,3,0
285,0,1,1,0,1,1,607.266357,282.422577,0.000000000,0.000002415,3,0
286,0,1,1,0,1,1,607.099731,282.072052,0.000000000,0.000002415,3,0
287,0,1,1,0,1,1,606.885498,281.128693,0.000000000,0.000002415,3,0
288,0,1,1,0,1,1,607.123535,279.657318,0.000000000,0.000002415,3,0
289,0,1,1,0,1,1,607.747620,277.488220,0.000000000,0.000002415,3,0
290,0,1,1,0,1,1,609.155212,273.767914,0.000000000,0.000002415,3,0
291,0,1,1,0,1,1,610.164673,268.767059,0.000000000,0.000002415,3,5
292,0,1,1,0,1,1,611.260620,264.139496,0.000000000,0.000002415,3,5
293,0,1,1,0,1,1,611.927612,259.934967,0.000000000,0.000002415,3,5
294,0,1,1,0,1,1,612.752075,256.162262,0.000000000,0.000002415,3,5
295,0,1,1,0,1,1,613.058838,253.008072,0.000000000,0.000002415,3,5
296,0,1,1,0,1,1,613.400940,250.593719,0.000000000,0.000002415,3,5
297,0,1,1,0,1,1,613.361694,248.231766,0.000000000,0.000002415,3,5
298,0,1,1,0,1,1,613.789001,245.912643,0.000000000,0.000002415,3,5
299,0,1,1,0,1,1,614.849304,243.669556,0.000000000,0.000002415,3,5
300,0,1,1,0,1,1,616.042053,241.535736,0.000000000,0.000002415,3,5
301,0,1,1,0,1,1,616.650330,239.438217,0.000000000,0.000002415,3,5
302,0,1,1,0,1,1,617.137878,238.107849,0.000000000,0.000002415,3,5
303,0,1,1,0,1,1,617.088257,237.051193,0.000000000,0.000002415,3,5
304,0,1,1,0,1,1,616.746887,235.612473,0.000000000,0.000002415,3,5
305,0,1,1,0,1,1,617.006592,234.172791,0.000000000,0.000002415,3,5
306,0,1,1,0,1,1,616.936584,232.415878,0.000000000,0.000002415,3,5
307,0,1,1,0,1,1,616.821777,230.770660,0.000000000,0.000002415,3,5
308,0,1,1,0,1,1,616.743652,229.574127,0.000000000,0.000002415,3,5
309,0,1,1,0,1,1,616.768677,229.149338,0.000000000,0.000002415,3,5
310,0,1,1,0,1,1,617.079895,228.965469,0.000000000,0.000002415,3,5
311,0,1,1,0,1,1,616.839966,228.663483,0.000000000,0.000002415,3,5
312,0,1,1,0,1,1,616.753174,228.407944,0.000000000,0.000002415,3,5
313,0,1,1,0,1,1,617.205994,228.229919,0.000000000,0.000002415,3,5
314,0,1,1,0,1,1,618.019775,227.514801,0.000000000,0.000002415,3,5
315,0,1,1,0,1,1,617.977051,226.955719,0.000000000,0.000002415,3,5
316,0,1,1,0,1,1,617.250610,226.755707,0.000000000,0.000002415,3,5
317,0,1,1,0,1,1,616.414856,226.942154,0.000000000,0.000002415,3,5
318,0,1,1,0,1,1,615.692688,227.238922,0.000000000,0.000002415,3,5
319,0,1,1,0,1,1,615.017944,228.211960,0.000000000,0.000002415,3,5
320,0,1,1,0,1,1,614.588074,229.078766,0.000000000,0.000002415,3,5
321,0,1,1,0,1,1,614.383789,229.775406,0.000000000,0.000002415,3,5
322,0,1,1,0,1,1,614.329102,230.699844,0.000000000,0.000002415,3,5
323,0,1,1,0,1,1,614.088928,231.157532,0.000000000,0.000002415,3,5
324,0,1,1,0,1,1,614.030884,231.249863,0.000000000,0.000002415,3,5
325,0,1,1,0,1,1,613.468262,230.895111,0.000000000,0.000002415,3,5
326,0,1,1,0,1,1,613.510193,230.294724,0.000000000,0.000002415,3,5
327,0,1,1,0,1,1,552.093567,176.934555,0.000000000,0.000002415,4,5
328,0,1,1,0,1,1,386.278687,237.942474,0.000000000,0.000002415,4,5
329,0,1,1,0,1,1,277.862122,526.012573,0.000000000,0.000002415,4,5
330,0,1,1,0,1,1,335.817627,719.417969,0.000000000,0.000002415,4,5
331,0,1,1,0,1,1,467.909180,719.130615,0.000000000,0.000002415,4,5
332,0,1,1,0,1,1,396.645203,611.278931,0.000000000,0.000002415,4,5
333,0,1,1,0,1,1,92.371864,657.807068,0.000000000,0.000002415,4,5
334,0,1,1,0,1,1,75.777824,661.411194,0.000000000,0.000002415,4,5
335,0,1,1,0,1,1,125.611687,651.037781,0.000000000,0.000002415,4,5
336,0,1,1,0,1,1,307.335602,601.820068,0.000000000,0.000002415,4,5
337,0,1,1,0,1,1,492.438232,520.660095,0.000000000,0.000002415,4,5
338,0,1,1,0,1,1,619.560242,410.413391,0.000000000,0.000002415,4,5
339,0,1,1,0,1,1,646.966919,302.059296,0.000000000,0.000002415,4,5
340,0,1,1,0,1,1,567.776489,261.479919,0.000000000,0.000002415,4,5
341,0,1,1,0,1,1,509.418976,267.005524,0.000000000,0.000002415,4,5
342,0,1,1,0,1,1,517.622131,215.889099,0.000000000,0.000002415,4,5
343,0,1,1,0,1,1,566.115967,135.423218,0.000000000,0.000002415,4,5
344,0,1,1,0,1,1,607.890015,146.972122,0.000000000,0.000002415,4,5
345,0,1,1,0,1,1,604.758240,197.081268,0.000000000,0.000002415,4,5
346,0,1,1,0,1,1,586.065979,210.926346,0.000000000,0.000002415,4,5
347,0,1,1,0,1,1,581.300415,193.596527,0.000000000,0.000002415,4,5
348,0,1,1,0,1,1,586.743835,175.922104,0.000000000,0.000002415,4,5
349,0,1,1,0,1,1,593.251526,185.498932,0.000000000,0.000002415,4,5
350,0,1,1,0,1,1,600.703674,217.876831,0.000000000,0.000002415,4,5
351,0,1,1,0,1,1,612.608337,247.837738,0.000000000,0.000002415,4,5
352,0,1,1,0,1,1,624.573425,267.037292,0.000000000,0.000002415,4,5
353,0,1,1,0,1,1,626.606201,278.366119,0.000000000,0.000002415,4,5
354,0,1,1,0,1,1,618.442383,278.948181,0.000000000,0.000002415,4,5
355,0,1,1,0,1,1,607.660400,272.707489,0.000000000,0.000002415,4,5
356,0,1,1,0,1,1,601.225464,265.114502,0.000000000,0.000002415,4,5
357,0,1,1,0,1,1,600.218689,260.330536,0.000000000,0.000002415,4,5
358,0,1,1,0,1,1,600.538208,258.650085,0.000000000,0.000002415,4,5
359,0,1,1,0,1,1,600.798340,259.643555,0.000000000,0.000002415,4,0
360,0,1,1,0,1,1,600.686768,261.058838,0.000000000,0.000002415,4,0
361,0,1,1,0,1,1,600.422729,261.917877,0.000000000,0.000002415,4,0
362,0,1,1,0,1,1,599.867493,263.169067,0.000000000,0.000002415,4,0
363,0,1,1,0,1,1,599.074463,264.026733,0.000000000,0.000002415,4,0
364,0,1,1,0,1,1,598.858582,264.635101,0.000000000,0.000002415,4,0
365,0,1,1,0,1,1,598.727966,265.438049,0.000000000,0.000002415,4,0
366,0,1,1,0,1,1,598.642212,265.857178,0.000000000,0.000002415,4,0
367,0,1,1,0,1,1,598.527893,266.239746,0.000000000,0.000002415,4,0
368,0,1,1,0,1,1,598.733398,267.402069,0.000000000,0.000002415,4,0
369,0,1,1,0,1,1,598.852905,268.254181,0.000000000,0.000002415,4,0
370,0,1,1,0,1,1,598.691528,269.436737,0.000000000,0.000002415,4,0
371,0,1,1,0,1,1,598.920837,271.437958,0.000000000,0.000002415,4,0
372,0,1,1,0,1,1,599.020447,272.541229,0.000000000,0.000002415,4,0
373,0,1,1,0,1,1,599.080688,274.285004,0.000000000,0.000002415,4,0
374,0,1,1,0,1,1,599.262634,275.363861,0.000000000,0.000002415,4,0
375,0,1,1,0,1,1,599.374268,276.054504,0.000000000,0.000002415,4,0
376,0,1,1,0,1,1,599.418823,276.728546,0.000000000,0.000002415,4,0
377,0,1,1,0,1,1,599.661377,277.275452,0.000000000,0.000002415,4,0
378,0,1,1,0,1,1,599.946777,277.536285,0.000000000,0.000002415,4,0
379,0,1,1,0,1,1,600.351501,278.428284,0.000000000,0.000002415,4,0
380,0,1,1,0,1,1,600.588440,279.181061,0.000000000,0.000002415,4,0
381,0,1,1,0,1,1,601.073975,280.300079,0.000000000,0.000002415,4,0
382,0,1,1,0,1,1,601.786316,281.477539,0.000000000,0.000002415,4,0
383,0,1,1,0,1,1,602.351318,282.088562,0.000000000,0.000002415,4,0
384,0,1,1,0,1,1,603.453552,282.848480,0.000000000,0.000002415,4,0
385,0,1,1,0,1,1,604.278015,283.152496,0.000000000,0.000002415,4,0
386,0,1,1,0,1,1,605.068298,283.491699,0.000000000,0.000002415,4,0
387,0,1,1,0,1,1,605.797607,283.480255,0.000000000,0.000002415,4,0
388,0,1,1,0,1,1,606.398987,283.280518,0.000000000,0.000002415,4,0
389,0,1,1,0,1,1,606.891785,282.904022,0.000000000,0.000002415,4,0
390,0,1,1,0,1,1,607.162598,282.531189,0.000000000,0.000002415,4,0
